Категория;Уровень;Узел;Позиция;Продавец;Исключён
Мебель (корень);Категория;Мебель;1;НОНТОН.РФ;
Мебель (корень);Категория;Мебель;2;ООО «УЮТНАЯ ЛОГИКА»;
Диваны и кресла;Категория;Диваны и кресла;1;MOON FAMILY;
Диваны и кресла;Категория;Диваны и кресла;2;Divan Boss;
Комоды и тумбы;Категория;Комоды и тумбы;1;ГУД ЛАКК;
Комоды и тумбы;Категория;Комоды и тумбы;2;НОНТОН.РФ;
Комплекты мебели;Категория;Комплекты мебели;1;НОНТОН.РФ;
Комплекты мебели;Категория;Комплекты мебели;2;Правила мебели;
Кровати;Категория;Кровати;1;SleepShop;
Кровати;Категория;Кровати;2;DG-HOME;
Матрасы;Категория;Матрасы;1;Dream Store;
Матрасы;Категория;Матрасы;2;LAQY;
Мебель бескаркасная;Категория;Мебель бескаркасная;1;Bubble Bag;
Мебель бескаркасная;Категория;Мебель бескаркасная;2;GoodPoof;
Мебель для бизнеса;Категория;Мебель для бизнеса;1;АБВ;
Мебель для бизнеса;Категория;Мебель для бизнеса;2;PRO-MEDIC RU;
Мебель для ванной;Категория;Мебель для ванной;1;FAURAPLUS;
Мебель для ванной;Категория;Мебель для ванной;2;Сантехника-Онлайн;
Мебель для кухни;Категория;Мебель для кухни;1;НОНТОН.РФ;
Мебель для кухни;Категория;Мебель для кухни;2;Правила мебели;
Мебельная фурнитура и комплектующие;Категория;Мебельная фурнитура и комплектующие;1;ВСЁ ДЛЯ МЕБЕЛИ;
Мебельная фурнитура и комплектующие;Категория;Мебельная фурнитура и комплектующие;2;Millwood;
Полки и стеллажи;Категория;Полки и стеллажи;1;GASTRORAG & GEMLUX;
Полки и стеллажи;Категория;Полки и стеллажи;2;TOVEW;
Садовая мебель;Категория;Садовая мебель;1;Ami;
Садовая мебель;Категория;Садовая мебель;2;Sundays;
Столы;Категория;Столы;1;Millwood;
Столы;Категория;Столы;2;LAREN;
Стулья, скамьи, табуреты, пуфики;Категория;Стулья, скамьи, табуреты, пуфики;1;ООО «Стул Груп»;
Стулья, скамьи, табуреты, пуфики;Категория;Стулья, скамьи, табуреты, пуфики;2;АйДа Мебель;
Шкафы;Категория;Шкафы;1;ООО «УЮТНАЯ ЛОГИКА»;
Шкафы;Категория;Шкафы;2;НОНТОН.РФ;
Диваны и кресла;Подкатегория;Диван раскладной;1;MOON FAMILY;
Диваны и кресла;Подкатегория;Диван раскладной;2;Меббери;
Диваны и кресла;Подкатегория;Кресло;1;КемпингГрупп;
Диваны и кресла;Подкатегория;Кресло;2;Реклайнер;
Диваны и кресла;Подкатегория;Кресло-качалка;1;КемпингГрупп;
Диваны и кресла;Подкатегория;Кресло-качалка;2;Wood Space;
Диваны и кресла;Подкатегория;Кресло-кровать;1;ГрафМаш НЗ;
Диваны и кресла;Подкатегория;Кресло-кровать;2;Logium;
Диваны и кресла;Подкатегория;Кухонный уголок;1;BONMEBEL;
Диваны и кресла;Подкатегория;Кухонный уголок;2;Итана;
Диваны и кресла;Подкатегория;Кушетка;1;Фабрика Divan24;
Диваны и кресла;Подкатегория;Кушетка;2;Удобные Диваны;
Диваны и кресла;Подкатегория;Модульный диван;1;KRASDIVAN;
Диваны и кресла;Подкатегория;Модульный диван;2;FORREST;
Диваны и кресла;Подкатегория;Подвесное кресло;1;Barberries;
Диваны и кресла;Подкатегория;Подвесное кресло;2;Сердце дома;
Диваны и кресла;Подкатегория;Прямой диван;1;Селин;
Диваны и кресла;Подкатегория;Прямой диван;2;Монофикс;
Диваны и кресла;Подкатегория;Угловой диван;1;Divan Boss;
Диваны и кресла;Подкатегория;Угловой диван;2;Много Мебели;
Комоды и тумбы;Подкатегория;Комод;1;ГУД ЛАКК;
Комоды и тумбы;Подкатегория;Комод;2;НОНТОН.РФ;
Комоды и тумбы;Подкатегория;Обувница;1;Мебель Lina Loft;
Комоды и тумбы;Подкатегория;Обувница;2;ООО «ЗМИ»;
Комоды и тумбы;Подкатегория;Пеленальный стол;1;ALEXCARE;
Комоды и тумбы;Подкатегория;Пеленальный стол;2;СТУЛЛИ;
Комоды и тумбы;Подкатегория;Тумба;1;Мебельная Эстетика;
Комоды и тумбы;Подкатегория;Тумба;2;ГУД ЛАКК;
Комоды и тумбы;Подкатегория;Этажерка для обуви;1;Сима-Ленд;
Комоды и тумбы;Подкатегория;Этажерка для обуви;2;Ozon;да
Комплекты мебели;Подкатегория;Комплект детской мебели;1;КiТ;
Комплекты мебели;Подкатегория;Комплект детской мебели;2;FunDesk;
Комплекты мебели;Подкатегория;Комплект мебели для прихожей;1;НОНТОН.РФ;
Комплекты мебели;Подкатегория;Комплект мебели для прихожей;2;Правила мебели;
Комплекты мебели;Подкатегория;Комплект мебели для спальни;1;OOO «Мебельбай»;
Комплекты мебели;Подкатегория;Комплект мебели для спальни;2;ВМ-мебель.РФ;
Комплекты мебели;Подкатегория;Комплект мягкой мебели;1;SKANDILINE;
Комплекты мебели;Подкатегория;Комплект мягкой мебели;2;Фабрика Фантазер;
Комплекты мебели;Подкатегория;Комплект офисной мебели;1;Правила мебели;
Комплекты мебели;Подкатегория;Комплект офисной мебели;2;компания «Мебель 24»;
Комплекты мебели;Подкатегория;Модуль стенки для гостиной;1;Alba Мебель;
Комплекты мебели;Подкатегория;Модуль стенки для гостиной;2;DeKomoд;
Комплекты мебели;Подкатегория;Обеденная группа;1;Мебельная Фабрика «ТРИ БОБРА»;
Комплекты мебели;Подкатегория;Обеденная группа;2;Beemebel.ru;
Комплекты мебели;Подкатегория;Стенка для гостиной;1;НОНТОН.РФ;
Комплекты мебели;Подкатегория;Стенка для гостиной;2;Правила мебели;
Кровати;Подкатегория;Двуспальная кровать;1;SleepShop;
Кровати;Подкатегория;Двуспальная кровать;2;DG-HOME;
Кровати;Подкатегория;Двухъярусная кровать;1;RayVol;
Кровати;Подкатегория;Двухъярусная кровать;2;Фабрика NEWKIDS;
Кровати;Подкатегория;Каркас кровати;1;Стальпром;
Кровати;Подкатегория;Каркас кровати;2;Scandi.plus;
Кровати;Подкатегория;Колыбель;1;Pituso;
Кровати;Подкатегория;Колыбель;2;Lionelo Russia;
Кровати;Подкатегория;Кровать детская;1;ОПТИПРОМ-А;
Кровати;Подкатегория;Кровать детская;2;Comfy-meb;
Кровати;Подкатегория;Кровать раздвижная;1;ГУД ЛАКК;
Кровати;Подкатегория;Кровать раздвижная;2;Сканд Мебель;
Кровати;Подкатегория;Кровать-чердак;1;ООО «Фабрика Новита»;
Кровати;Подкатегория;Кровать-чердак;2;МебельДилер;
Кровати;Подкатегория;Односпальная кровать;1;SleepShop;
Кровати;Подкатегория;Односпальная кровать;2;MASSA;
Кровати;Подкатегория;Раскладушка;1;Энх;
Кровати;Подкатегория;Раскладушка;2;Lucky Goods;
Кровати;Подкатегория;Тахта;1;Правила мебели;
Кровати;Подкатегория;Тахта;2;Ami;
Кровати;Подкатегория;Шкаф-кровать;1;STYLINT;
Кровати;Подкатегория;Шкаф-кровать;2;Room Saver;
Матрасы;Подкатегория;Матрас (≈категория);1;Dream Store;
Матрасы;Подкатегория;Матрас (≈категория);2;LAQY;
Матрасы;Подкатегория;Матрас для садовой мебели;1;Bio-Line;
Матрасы;Подкатегория;Матрас для садовой мебели;2;SGMedical shop;
Матрасы;Подкатегория;Медицинский матрас;1;SGMedical shop;
Матрасы;Подкатегория;Медицинский матрас;2;MEDISO;
Матрасы;Подкатегория;Топпер-наматрасник;1;ORMATEK;
Матрасы;Подкатегория;Топпер-наматрасник;2;Luna inc;
Мебель бескаркасная;Подкатегория;Бескаркасный диван;1;Bubble Bag;
Мебель бескаркасная;Подкатегория;Бескаркасный диван;2;SOFORIA;
Мебель бескаркасная;Подкатегория;Бескаркасный пуф;1;Laavi Home;
Мебель бескаркасная;Подкатегория;Бескаркасный пуф;2;COOLBAG;
Мебель бескаркасная;Подкатегория;Кресло-мешок;1;GoodPoof;
Мебель бескаркасная;Подкатегория;Кресло-мешок;2;1,5 Слона;
Мебель бескаркасная;Подкатегория;Чехол для бескаркасной мебели;1;EVERENA;
Мебель бескаркасная;Подкатегория;Чехол для бескаркасной мебели;2;FLER;
Мебель для бизнеса;Подкатегория;Комплект мебели для ПВЗ;1;Твой ПВЗ;
Мебель для бизнеса;Подкатегория;Комплект мебели для ПВЗ;2;Мебель для ПВЗ;
Мебель для бизнеса;Подкатегория;Мебель медицинская;1;PRO-MEDIC RU;
Мебель для бизнеса;Подкатегория;Мебель медицинская;2;MET Store;
Мебель для бизнеса;Подкатегория;Полка производственная;1;АБВ;
Мебель для бизнеса;Подкатегория;Полка производственная;2;UrbanFrame;
Мебель для бизнеса;Подкатегория;Стойка ресепшн для ПВЗ;1;Бизнес мебель;
Мебель для бизнеса;Подкатегория;Стойка ресепшн для ПВЗ;2;ИП Русских А.В.;
Мебель для бизнеса;Подкатегория;Примерочная кабина;1;Коллекция Мебели;
Мебель для бизнеса;Подкатегория;Примерочная кабина;2;ИП Тимофеева О. В.;
Мебель для бизнеса;Подкатегория;Стол производственный;1;АБВ;
Мебель для бизнеса;Подкатегория;Стол производственный;2;Ставилон ПРО;
Мебель для бизнеса;Подкатегория;Швейный уголок;1;УЮТНО и ТОЧКА;
Мебель для бизнеса;Подкатегория;Швейный уголок;2;Мебель для рукоделия Комфорт;
Мебель для бизнеса;Подкатегория;Шкаф производственный;1;ООО Вариант 999;
Мебель для бизнеса;Подкатегория;Шкаф производственный;2;Петров Андрей Светославович;
Мебель для ванной;Подкатегория;Комплект мебели для ванной;1;Сантехника-Онлайн;
Мебель для ванной;Подкатегория;Комплект мебели для ванной;2;АКВА;
Мебель для ванной;Подкатегория;Тумба для ванной;1;FAURAPLUS;
Мебель для ванной;Подкатегория;Тумба для ванной;2;Итана;
Мебель для ванной;Подкатегория;Шкаф для ванной;1;Сантехника-Онлайн;
Мебель для ванной;Подкатегория;Шкаф для ванной;2;FAURAPLUS;
Мебель для кухни;Подкатегория;Кухонный гарнитур;1;НОНТОН.РФ;
Мебель для кухни;Подкатегория;Кухонный гарнитур;2;Правила мебели;
Мебель для кухни;Подкатегория;Кухонный модуль навесной;1;HOLBE;
Мебель для кухни;Подкатегория;Кухонный модуль навесной;2;Правила мебели;
Мебель для кухни;Подкатегория;Кухонный модуль напольный;1;HOLBE;
Мебель для кухни;Подкатегория;Кухонный модуль напольный;2;Netcall;
Мебель для кухни;Подкатегория;Наполнение для кухонного модуля;1;Хорошая мебель;
Мебель для кухни;Подкатегория;Наполнение для кухонного модуля;2;Красивый дом;
Мебельная фурнитура и комплектующие;Подкатегория;Выкатная корзина;1;ТБМ;
Мебельная фурнитура и комплектующие;Подкатегория;Выкатная корзина;2;ВСЁ ДЛЯ МЕБЕЛИ;
Мебельная фурнитура и комплектующие;Подкатегория;Газлифт мебельный;1;ВСЁ ДЛЯ МЕБЕЛИ;
Мебельная фурнитура и комплектующие;Подкатегория;Газлифт мебельный;2;GAME CHAIRS;
Мебельная фурнитура и комплектующие;Подкатегория;Дверь для шкафа;1;Титан-ГС - двери на заказ;
Мебельная фурнитура и комплектующие;Подкатегория;Дверь для шкафа;2;АП-ПОРТЕ;
Мебельная фурнитура и комплектующие;Подкатегория;Держатель для полки;1;ВСЁ ДЛЯ МЕБЕЛИ;
Мебельная фурнитура и комплектующие;Подкатегория;Держатель для полки;2;AGM;
Мебельная фурнитура и комплектующие;Подкатегория;Доводчик мебельный;1;Комплект Profi;
Мебельная фурнитура и комплектующие;Подкатегория;Доводчик мебельный;2;GAME CHAIRS;
Мебельная фурнитура и комплектующие;Подкатегория;Заглушка декоративная;1;МАСТЕРиКО;
Мебельная фурнитура и комплектующие;Подкатегория;Заглушка декоративная;2;3Д БЛОК;
Мебельная фурнитура и комплектующие;Подкатегория;Запчасти для гардеробной системы;1;РегионМебель (63mebel);
Мебельная фурнитура и комплектующие;Подкатегория;Запчасти для гардеробной системы;2;Титан-ГС;
Мебельная фурнитура и комплектующие;Подкатегория;Запчасти для кровати;1;WoodМаркет;
Мебельная фурнитура и комплектующие;Подкатегория;Запчасти для кровати;2;Wood Terra Premium;
Мебельная фурнитура и комплектующие;Подкатегория;Изголовье кровати;1;Крепкая-Кровать;
Мебельная фурнитура и комплектующие;Подкатегория;Изголовье кровати;2;Домавито;
Мебельная фурнитура и комплектующие;Подкатегория;Кромка мебельная безклеевая;1;ШТОРМ;
Мебельная фурнитура и комплектующие;Подкатегория;Кромка мебельная безклеевая;2;A-Сервис;
Мебельная фурнитура и комплектующие;Подкатегория;Мебельный фасад;1;Кьюмен;
Мебельная фурнитура и комплектующие;Подкатегория;Мебельный фасад;2;CAMPANA HOME;
Мебельная фурнитура и комплектующие;Подкатегория;Столешница;1;Millwood;
Мебельная фурнитура и комплектующие;Подкатегория;Столешница;2;Pro100% Столешница;
Мебельная фурнитура и комплектующие;Подкатегория;Ящик выдвижной мебельный;1;ТБМ;
Мебельная фурнитура и комплектующие;Подкатегория;Ящик выдвижной мебельный;2;Ergostol;
Мебельная фурнитура и комплектующие;Подкатегория;Штанга в шкаф;1;Альтера;
Мебельная фурнитура и комплектующие;Подкатегория;Штанга в шкаф;2;Инталика;
Мебельная фурнитура и комплектующие;Подкатегория;Набор мебельной фурнитуры;1;Росмагнит;
Мебельная фурнитура и комплектующие;Подкатегория;Набор мебельной фурнитуры;2;WiseBuys;
Полки и стеллажи;Подкатегория;Стеллаж;1;Официальный магазин GASTRORAG & GEMLUX;
Полки и стеллажи;Подкатегория;Стеллаж;2;TOVEW;
Полки и стеллажи;Подкатегория;Полка;1;COBBE;
Полки и стеллажи;Подкатегория;Полка;2;LeviHouse;
Полки и стеллажи;Подкатегория;Стеллаж для ванной;1;TOVEW;
Полки и стеллажи;Подкатегория;Стеллаж для ванной;2;HOMM;
Полки и стеллажи;Подкатегория;Этажерка;1;Официальный магазин GASTRORAG & GEMLUX;
Полки и стеллажи;Подкатегория;Этажерка;2;Видовито - OOO «RNV»;
Полки и стеллажи;Подкатегория;Запчасти для стеллажа;1;GetMet;
Полки и стеллажи;Подкатегория;Запчасти для стеллажа;2;Сейф 2000;
Садовая мебель;Подкатегория;Набор садовой мебели;1;Sundays;
Садовая мебель;Подкатегория;Набор садовой мебели;2;ASTELA;
Садовая мебель;Подкатегория;Садовые качели;1;ТОВМАН САД;
Садовая мебель;Подкатегория;Садовые качели;2;DACHМЕБЕЛЬ (дилер OLSA);
Садовая мебель;Подкатегория;Садовый стол;1;ООО «Стул Груп»;
Садовая мебель;Подкатегория;Садовый стол;2;Global Wave;
Садовая мебель;Подкатегория;Садовый диван;1;ВашДвор;
Садовая мебель;Подкатегория;Садовый диван;2;ASTELA;
Садовая мебель;Подкатегория;Шатёр;1;Ami;
Садовая мебель;Подкатегория;Шатёр;2;Fung Yard;
Садовая мебель;Подкатегория;Садовое кресло;1;ООО «ЗПИ «Альтернатива»;
Садовая мебель;Подкатегория;Садовое кресло;2;Ami;
Садовая мебель;Подкатегория;Шезлонг;1;Три муравья Основной;
Садовая мебель;Подкатегория;Шезлонг;2;Ami;
Садовая мебель;Подкатегория;Скамья;1;FEROOM GROUP (Ферум груп);
Садовая мебель;Подкатегория;Скамья;2;Хоббика;
Садовая мебель;Подкатегория;Гамак;1;Гамак и Спальник;
Садовая мебель;Подкатегория;Гамак;2;Официальный магазин;да
Садовая мебель;Подкатегория;Садовый стул;1;Global Wave;
Садовая мебель;Подкатегория;Садовый стул;2;ЮнитиШоп;
Садовая мебель;Подкатегория;Садовый тент;1;АГРО-ПРОФИ;
Садовая мебель;Подкатегория;Садовый тент;2;TULSI;
Садовая мебель;Подкатегория;Беседка;1;Fung Yard;
Садовая мебель;Подкатегория;Беседка;2;ТехноГрани;
Садовая мебель;Подкатегория;Аксессуары для качели;1;JEONIX;
Садовая мебель;Подкатегория;Аксессуары для качели;2;FLER;
Садовая мебель;Подкатегория;Садовая кухня;1;KJOPMANN;
Садовая мебель;Подкатегория;Садовая кухня;2;Фестиваль Вкуса;
Садовая мебель;Подкатегория;Каркас для садовой мебели;1;ЛЕНТА;
Садовая мебель;Подкатегория;Каркас для садовой мебели;2;AstoCrystall;
Садовая мебель;Подкатегория;Садовый шкаф;1;GARDECK;
Садовая мебель;Подкатегория;Садовый шкаф;2;Гарден Арт;
Садовая мебель;Подкатегория;Фурнитура для садовой мебели;1;Метхоум;
Садовая мебель;Подкатегория;Фурнитура для садовой мебели;2;Fidan;
Садовая мебель;Подкатегория;Шкаф для газового баллона;1;АКБИТ Плюс;
Садовая мебель;Подкатегория;Шкаф для газового баллона;2;Магазин «наДАЧу78»;
Садовая мебель;Подкатегория;Купол;1;Фабрика беседок;
Садовая мебель;Подкатегория;Купол;2;Чудопоставки;
Садовая мебель;Подкатегория;Ремкомплект для садовой мебели;1;Осилис;
Садовая мебель;Подкатегория;Ремкомплект для садовой мебели;2;YPSPORT;
Садовая мебель;Подкатегория;Аксессуары для гамака;1;Millwood;
Садовая мебель;Подкатегория;Аксессуары для гамака;2;ROSLOVE;
Садовая мебель;Подкатегория;Аксессуары для беседки;1;STEELFORGE;
Садовая мебель;Подкатегория;Аксессуары для беседки;2;Armis;
Столы;Подкатегория;Стол обеденный;1;LAREN;
Столы;Подкатегория;Стол обеденный;2;ТЕКСТУРА;
Столы;Подкатегория;Компьютерный стол;1;Мебель-Цех;
Столы;Подкатегория;Компьютерный стол;2;Теплмяг;
Столы;Подкатегория;Письменный стол;1;ГУД ЛАКК;
Столы;Подкатегория;Письменный стол;2;МЕБЕЛЬНАЯ ФАБРИКА ЮДИНЫХ;
Столы;Подкатегория;Подстолье;1;Группа компаний «КРОН»;
Столы;Подкатегория;Подстолье;2;movedesk;
Столы;Подкатегория;Журнальный стол;1;Venerdi;
Столы;Подкатегория;Журнальный стол;2;IFERS;
Столы;Подкатегория;Туалетный столик;1;Mebelson;
Столы;Подкатегория;Туалетный столик;2;МебельКант;
Столы;Подкатегория;Приставной столик;1;DEEPLIFE;
Столы;Подкатегория;Приставной столик;2;librox;
Столы;Подкатегория;Столик для ноутбука;1;ЭТХУ;
Столы;Подкатегория;Столик для ноутбука;2;BD-Стол;
Столы;Подкатегория;Стол-книжка;1;ANSO;
Столы;Подкатегория;Стол-книжка;2;Shi.Mall;
Столы;Подкатегория;Барный стол;1;ООО «Стул Груп»;
Столы;Подкатегория;Барный стол;2;KROMLAND;
Столы;Подкатегория;Парта;1;FunDesk;
Столы;Подкатегория;Парта;2;ONLEAP;
Столы;Подкатегория;Консоль;1;Akur Design Studio;
Столы;Подкатегория;Консоль;2;ЛИДЕР;
Столы;Подкатегория;Детский стол;1;BABYROX;
Столы;Подкатегория;Детский стол;2;Малая медведица — фабрика мебели;
Столы;Подкатегория;Стойка ресепшн;1;MBL Мебель для бизнеса;
Столы;Подкатегория;Стойка ресепшн;2;Пермторгкомплект;
Столы;Подкатегория;Офисный стол;1;Re-seption;
Столы;Подкатегория;Офисный стол;2;MBL Мебель для бизнеса;
Столы;Подкатегория;Подвесной стол;1;Дом Мебели;
Столы;Подкатегория;Подвесной стол;2;Millwood;
Столы;Подкатегория;Стол-стеллаж;1;Design Dom;
Столы;Подкатегория;Стол-стеллаж;2;SolidWood;
Столы;Подкатегория;Сервировочный стол;1;Dominanta;
Столы;Подкатегория;Сервировочный стол;2;НТ-проект;
Столы;Подкатегория;Подставка под системный блок;1;DoNext;
Столы;Подкатегория;Подставка под системный блок;2;MultiCon;
Столы;Подкатегория;Подлокотник для стола;1;ЭТХУ;
Столы;Подкатегория;Подлокотник для стола;2;Русский Дом;
Столы;Подкатегория;Трибуна для выступлений;1;Торговая, офисная и домашняя мебель;
Столы;Подкатегория;Трибуна для выступлений;2;Madlen Co;
Стулья, скамьи, табуреты, пуфики;Подкатегория;Комплект стульев;1;ООО «Стул Груп»;
Стулья, скамьи, табуреты, пуфики;Подкатегория;Комплект стульев;2;АйДа Мебель;
Стулья, скамьи, табуреты, пуфики;Подкатегория;Стул;1;Daiva Casa;
Стулья, скамьи, табуреты, пуфики;Подкатегория;Стул;2;Azzurro mebel;
Стулья, скамьи, табуреты, пуфики;Подкатегория;Пуф;1;Soda decor;
Стулья, скамьи, табуреты, пуфики;Подкатегория;Пуф;2;Bam Decor;
Стулья, скамьи, табуреты, пуфики;Подкатегория;Садовый сундук;1;Кетершоп;
Стулья, скамьи, табуреты, пуфики;Подкатегория;Садовый сундук;2;GARDECK;
Стулья, скамьи, табуреты, пуфики;Подкатегория;Комплект барных стульев;1;DOBRIN;
Стулья, скамьи, табуреты, пуфики;Подкатегория;Комплект барных стульев;2;ООО «Стул Груп»;
Стулья, скамьи, табуреты, пуфики;Подкатегория;Комплект табуретов;1;Master Pro;
Стулья, скамьи, табуреты, пуфики;Подкатегория;Комплект табуретов;2;ИП ЧИРИКОВА Д С;
Стулья, скамьи, табуреты, пуфики;Подкатегория;Барный стул;1;Официальный магазин GASTRORAG & GEMLUX;
Стулья, скамьи, табуреты, пуфики;Подкатегория;Барный стул;2;DOBRIN;
Стулья, скамьи, табуреты, пуфики;Подкатегория;Банкетка;1;Mebel Made;
Стулья, скамьи, табуреты, пуфики;Подкатегория;Банкетка;2;Steel.mebel24;
Стулья, скамьи, табуреты, пуфики;Подкатегория;Складной стул;1;Самсон;
Стулья, скамьи, табуреты, пуфики;Подкатегория;Складной стул;2;Компания-производитель Etcona;
Стулья, скамьи, табуреты, пуфики;Подкатегория;Детский стул;1;«ДВИЖЕНИЕ - ЖИЗНЬ»;
Стулья, скамьи, табуреты, пуфики;Подкатегория;Детский стул;2;Растущий Друг Кузя;
Стулья, скамьи, табуреты, пуфики;Подкатегория;Табурет-стремянка;1;«ДВИЖЕНИЕ - ЖИЗНЬ»;
Стулья, скамьи, табуреты, пуфики;Подкатегория;Табурет-стремянка;2;Roku;
Стулья, скамьи, табуреты, пуфики;Подкатегория;Табурет;1;ELITE-MARKET;
Стулья, скамьи, табуреты, пуфики;Подкатегория;Табурет;2;CEDRO;
Стулья, скамьи, табуреты, пуфики;Подкатегория;Сундук;1;Твердыня;
Стулья, скамьи, табуреты, пуфики;Подкатегория;Сундук;2;Торвис;
Стулья, скамьи, табуреты, пуфики;Подкатегория;Кресло детское;1;XedaR;
Стулья, скамьи, табуреты, пуфики;Подкатегория;Кресло детское;2;Кипрей;
Стулья, скамьи, табуреты, пуфики;Подкатегория;Подставка под ноги;1;ABCD STORE;
Стулья, скамьи, табуреты, пуфики;Подкатегория;Подставка под ноги;2;ForErgo Официальный магазин;
Стулья, скамьи, табуреты, пуфики;Подкатегория;Запчасти для стула;1;Top Find;
Стулья, скамьи, табуреты, пуфики;Подкатегория;Запчасти для стула;2;Детитекс;
Стулья, скамьи, табуреты, пуфики;Подкатегория;Стул для музыканта;1;БИГТВ77;
Стулья, скамьи, табуреты, пуфики;Подкатегория;Стул для музыканта;2;Музторг;
Стулья, скамьи, табуреты, пуфики;Подкатегория;Стул откидной;1;Glider;
Стулья, скамьи, табуреты, пуфики;Подкатегория;Стул откидной;2;АзбукаДекор;
Шкафы;Подкатегория;Шкаф распашной;1;ООО «УЮТНАЯ ЛОГИКА»;
Шкафы;Подкатегория;Шкаф распашной;2;НОНТОН.РФ;
Шкафы;Подкатегория;Шкаф-купе;1;НОНТОН.РФ;
Шкафы;Подкатегория;Шкаф-купе;2;Мебельная компания Е1;
Шкафы;Подкатегория;Шкаф-витрина;1;ГУД ЛАКК;
Шкафы;Подкатегория;Шкаф-витрина;2;Dipriz (белорусская фабрика);
Шкафы;Подкатегория;Гардеробная система;1;Best Mebel;
Шкафы;Подкатегория;Гардеробная система;2;A'Belle;
Шкафы;Подкатегория;Буфет;1;Эльдизайн;
Шкафы;Подкатегория;Буфет;2;Нарус;
Шкафы;Подкатегория;Шкаф книжный;1;Best Mebel;
Шкафы;Подкатегория;Шкаф книжный;2;СИВЕР;
Шкафы;Подкатегория;Шкаф-пенал;1;CUBE;
Шкафы;Подкатегория;Шкаф-пенал;2;NOVATOR;
Шкафы;Подкатегория;Вешалка настенная;1;ООО «ЗМИ»;
Шкафы;Подкатегория;Вешалка настенная;2;Home and Garden;
Шкафы;Подкатегория;Шкаф складной;1;ООО «Дельта Дом»;
Шкафы;Подкатегория;Шкаф складной;2;TDhome;
Шкафы;Подкатегория;Антресоль мебельная;1;Best Mebel;
Шкафы;Подкатегория;Антресоль мебельная;2;LAERA;
Шкафы;Подкатегория;Шкаф навесной;1;ВСК-мебель;
Шкафы;Подкатегория;Шкаф навесной;2;MANNYT;
Шкафы;Подкатегория;Барная стойка;1;БЕЛОРУССКИЙ ДОМ;
Шкафы;Подкатегория;Барная стойка;2;Мебель для Магазинов;
Шкафы;Подкатегория;Корпус шкафа;1;WOOD&STEEL;
Шкафы;Подкатегория;Корпус шкафа;2;LAERA;
