Продавец;Приоритет_тир;Возглавляет_категорий;Первых_мест;Вторых_мест;Всего_позиций;Категории
НОНТОН.РФ;да;3;7;4;11;Комоды и тумбы, Комплекты мебели, Мебель (корень), Мебель для кухни, Шкафы
ГУД ЛАКК;да;1;5;1;6;Комоды и тумбы, Кровати, Столы, Шкафы
ООО «Стул Груп»;да;1;4;1;5;Садовая мебель, Столы, Стулья, скамьи, табуреты, пуфики
Millwood;да;1;3;2;5;Мебельная фурнитура и комплектующие, Садовая мебель, Столы
ВСЁ ДЛЯ МЕБЕЛИ;да;1;3;1;4;Мебельная фурнитура и комплектующие
SleepShop;да;1;3;0;3;Кровати
АБВ;да;1;3;0;3;Мебель для бизнеса
Ami;да;1;2;3;5;Кровати, Садовая мебель
FAURAPLUS;да;1;2;1;3;Мебель для ванной
ООО «УЮТНАЯ ЛОГИКА»;да;1;2;1;3;Мебель (корень), Шкафы
Bubble Bag;да;1;2;0;2;Мебель бескаркасная
Dream Store;да;1;2;0;2;Матрасы
MOON FAMILY;да;1;2;0;2;Диваны и кресла
GASTRORAG & GEMLUX;;1;1;0;1;Полки и стеллажи
Best Mebel;;0;3;0;3;Шкафы
Официальный магазин GASTRORAG & GEMLUX;да;0;3;0;3;Полки и стеллажи, Стулья, скамьи, табуреты, пуфики
Правила мебели;да;0;2;6;8;Комплекты мебели, Кровати, Мебель для кухни
Сантехника-Онлайн;да;0;2;1;3;Мебель для ванной
HOLBE;;0;2;0;2;Мебель для кухни
«ДВИЖЕНИЕ - ЖИЗНЬ»;;0;2;0;2;Стулья, скамьи, табуреты, пуфики
КемпингГрупп;;0;2;0;2;Диваны и кресла
ТБМ;;0;2;0;2;Мебельная фурнитура и комплектующие
ЭТХУ;;0;2;0;2;Столы
TOVEW;да;0;1;2;3;Полки и стеллажи
DOBRIN;;0;1;1;2;Стулья, скамьи, табуреты, пуфики
Divan Boss;да;0;1;1;2;Диваны и кресла
FunDesk;;0;1;1;2;Комплекты мебели, Столы
Fung Yard;;0;1;1;2;Садовая мебель
GARDECK;;0;1;1;2;Садовая мебель, Стулья, скамьи, табуреты, пуфики
Global Wave;;0;1;1;2;Садовая мебель
GoodPoof;да;0;1;1;2;Мебель бескаркасная
LAREN;да;0;1;1;2;Столы
MBL Мебель для бизнеса;;0;1;1;2;Столы
PRO-MEDIC RU;да;0;1;1;2;Мебель для бизнеса
SGMedical shop;;0;1;1;2;Матрасы
Sundays;да;0;1;1;2;Садовая мебель
ООО «ЗМИ»;;0;1;1;2;Комоды и тумбы, Шкафы
ABCD STORE;;0;1;0;1;Стулья, скамьи, табуреты, пуфики
ALEXCARE;;0;1;0;1;Комоды и тумбы
ANSO;;0;1;0;1;Столы
Akur Design Studio;;0;1;0;1;Столы
Alba Мебель;;0;1;0;1;Комплекты мебели
BABYROX;;0;1;0;1;Столы
BONMEBEL;;0;1;0;1;Диваны и кресла
Barberries;;0;1;0;1;Диваны и кресла
Bio-Line;;0;1;0;1;Матрасы
COBBE;;0;1;0;1;Полки и стеллажи
CUBE;;0;1;0;1;Шкафы
DEEPLIFE;;0;1;0;1;Столы
Daiva Casa;;0;1;0;1;Стулья, скамьи, табуреты, пуфики
Design Dom;;0;1;0;1;Столы
DoNext;;0;1;0;1;Столы
Dominanta;;0;1;0;1;Столы
ELITE-MARKET;;0;1;0;1;Стулья, скамьи, табуреты, пуфики
EVERENA;;0;1;0;1;Мебель бескаркасная
FEROOM GROUP (Ферум груп);;0;1;0;1;Садовая мебель
GetMet;;0;1;0;1;Полки и стеллажи
Glider;;0;1;0;1;Стулья, скамьи, табуреты, пуфики
JEONIX;;0;1;0;1;Садовая мебель
KJOPMANN;;0;1;0;1;Садовая мебель
KRASDIVAN;;0;1;0;1;Диваны и кресла
Laavi Home;;0;1;0;1;Мебель бескаркасная
Master Pro;;0;1;0;1;Стулья, скамьи, табуреты, пуфики
Mebel Made;;0;1;0;1;Стулья, скамьи, табуреты, пуфики
Mebelson;;0;1;0;1;Столы
OOO «Мебельбай»;;0;1;0;1;Комплекты мебели
ORMATEK;;0;1;0;1;Матрасы
Pituso;;0;1;0;1;Кровати
RayVol;;0;1;0;1;Кровати
Re-seption;;0;1;0;1;Столы
SKANDILINE;;0;1;0;1;Комплекты мебели
STEELFORGE;;0;1;0;1;Садовая мебель
STYLINT;;0;1;0;1;Кровати
Soda decor;;0;1;0;1;Стулья, скамьи, табуреты, пуфики
Top Find;;0;1;0;1;Стулья, скамьи, табуреты, пуфики
Venerdi;;0;1;0;1;Столы
WOOD&STEEL;;0;1;0;1;Шкафы
WoodМаркет;;0;1;0;1;Мебельная фурнитура и комплектующие
XedaR;;0;1;0;1;Стулья, скамьи, табуреты, пуфики
АГРО-ПРОФИ;;0;1;0;1;Садовая мебель
АКБИТ Плюс;;0;1;0;1;Садовая мебель
Альтера;;0;1;0;1;Мебельная фурнитура и комплектующие
БЕЛОРУССКИЙ ДОМ;;0;1;0;1;Шкафы
БИГТВ77;;0;1;0;1;Стулья, скамьи, табуреты, пуфики
Бизнес мебель;;0;1;0;1;Мебель для бизнеса
ВСК-мебель;;0;1;0;1;Шкафы
ВашДвор;;0;1;0;1;Садовая мебель
Гамак и Спальник;;0;1;0;1;Садовая мебель
ГрафМаш НЗ;;0;1;0;1;Диваны и кресла
Группа компаний «КРОН»;;0;1;0;1;Столы
Дом Мебели;;0;1;0;1;Столы
КiТ;;0;1;0;1;Комплекты мебели
Кетершоп;;0;1;0;1;Стулья, скамьи, табуреты, пуфики
Коллекция Мебели;;0;1;0;1;Мебель для бизнеса
Комплект Profi;;0;1;0;1;Мебельная фурнитура и комплектующие
Крепкая-Кровать;;0;1;0;1;Мебельная фурнитура и комплектующие
Кьюмен;;0;1;0;1;Мебельная фурнитура и комплектующие
ЛЕНТА;;0;1;0;1;Садовая мебель
МАСТЕРиКО;;0;1;0;1;Мебельная фурнитура и комплектующие
Мебель Lina Loft;;0;1;0;1;Комоды и тумбы
Мебель-Цех;;0;1;0;1;Столы
Мебельная Фабрика «ТРИ БОБРА»;;0;1;0;1;Комплекты мебели
Мебельная Эстетика;;0;1;0;1;Комоды и тумбы
Метхоум;;0;1;0;1;Садовая мебель
ООО «Дельта Дом»;;0;1;0;1;Шкафы
ООО «ЗПИ «Альтернатива»;;0;1;0;1;Садовая мебель
ООО «Фабрика Новита»;;0;1;0;1;Кровати
ООО Вариант 999;;0;1;0;1;Мебель для бизнеса
ОПТИПРОМ-А;;0;1;0;1;Кровати
Осилис;;0;1;0;1;Садовая мебель
РегионМебель (63mebel);;0;1;0;1;Мебельная фурнитура и комплектующие
Росмагнит;;0;1;0;1;Мебельная фурнитура и комплектующие
Самсон;;0;1;0;1;Стулья, скамьи, табуреты, пуфики
Селин;;0;1;0;1;Диваны и кресла
Сима-Ленд;;0;1;0;1;Комоды и тумбы
Стальпром;;0;1;0;1;Кровати
ТОВМАН САД;;0;1;0;1;Садовая мебель
Твердыня;;0;1;0;1;Стулья, скамьи, табуреты, пуфики
Твой ПВЗ;;0;1;0;1;Мебель для бизнеса
Титан-ГС - двери на заказ;;0;1;0;1;Мебельная фурнитура и комплектующие
Торговая, офисная и домашняя мебель;;0;1;0;1;Столы
Три муравья Основной;;0;1;0;1;Садовая мебель
УЮТНО и ТОЧКА;;0;1;0;1;Мебель для бизнеса
Фабрика Divan24;;0;1;0;1;Диваны и кресла
Фабрика беседок;;0;1;0;1;Садовая мебель
Хорошая мебель;;0;1;0;1;Мебель для кухни
ШТОРМ;;0;1;0;1;Мебельная фурнитура и комплектующие
Эльдизайн;;0;1;0;1;Шкафы
Энх;;0;1;0;1;Кровати
ASTELA;;0;0;2;2;Садовая мебель
DG-HOME;да;0;0;2;2;Кровати
FLER;;0;0;2;2;Мебель бескаркасная, Садовая мебель
GAME CHAIRS;;0;0;2;2;Мебельная фурнитура и комплектующие
LAERA;;0;0;2;2;Шкафы
LAQY;да;0;0;2;2;Матрасы
АйДа Мебель;да;0;0;2;2;Стулья, скамьи, табуреты, пуфики
Итана;;0;0;2;2;Диваны и кресла, Мебель для ванной
1,5 Слона;;0;0;1;1;Мебель бескаркасная
3Д БЛОК;;0;0;1;1;Мебельная фурнитура и комплектующие
A'Belle;;0;0;1;1;Шкафы
A-Сервис;;0;0;1;1;Мебельная фурнитура и комплектующие
AGM;;0;0;1;1;Мебельная фурнитура и комплектующие
Armis;;0;0;1;1;Садовая мебель
AstoCrystall;;0;0;1;1;Садовая мебель
Azzurro mebel;;0;0;1;1;Стулья, скамьи, табуреты, пуфики
BD-Стол;;0;0;1;1;Столы
Bam Decor;;0;0;1;1;Стулья, скамьи, табуреты, пуфики
Beemebel.ru;;0;0;1;1;Комплекты мебели
CAMPANA HOME;;0;0;1;1;Мебельная фурнитура и комплектующие
CEDRO;;0;0;1;1;Стулья, скамьи, табуреты, пуфики
COOLBAG;;0;0;1;1;Мебель бескаркасная
Comfy-meb;;0;0;1;1;Кровати
DACHМЕБЕЛЬ (дилер OLSA);;0;0;1;1;Садовая мебель
DeKomoд;;0;0;1;1;Комплекты мебели
Dipriz (белорусская фабрика);;0;0;1;1;Шкафы
Ergostol;;0;0;1;1;Мебельная фурнитура и комплектующие
FORREST;;0;0;1;1;Диваны и кресла
Fidan;;0;0;1;1;Садовая мебель
ForErgo Официальный магазин;;0;0;1;1;Стулья, скамьи, табуреты, пуфики
HOMM;;0;0;1;1;Полки и стеллажи
Home and Garden;;0;0;1;1;Шкафы
IFERS;;0;0;1;1;Столы
KROMLAND;;0;0;1;1;Столы
LeviHouse;;0;0;1;1;Полки и стеллажи
Lionelo Russia;;0;0;1;1;Кровати
Logium;;0;0;1;1;Диваны и кресла
Lucky Goods;;0;0;1;1;Кровати
Luna inc;;0;0;1;1;Матрасы
MANNYT;;0;0;1;1;Шкафы
MASSA;;0;0;1;1;Кровати
MEDISO;;0;0;1;1;Матрасы
MET Store;;0;0;1;1;Мебель для бизнеса
Madlen Co;;0;0;1;1;Столы
MultiCon;;0;0;1;1;Столы
NOVATOR;;0;0;1;1;Шкафы
Netcall;;0;0;1;1;Мебель для кухни
ONLEAP;;0;0;1;1;Столы
Pro100% Столешница;;0;0;1;1;Мебельная фурнитура и комплектующие
ROSLOVE;;0;0;1;1;Садовая мебель
Roku;;0;0;1;1;Стулья, скамьи, табуреты, пуфики
Room Saver;;0;0;1;1;Кровати
SOFORIA;;0;0;1;1;Мебель бескаркасная
Scandi.plus;;0;0;1;1;Кровати
Shi.Mall;;0;0;1;1;Столы
SolidWood;;0;0;1;1;Столы
Steel.mebel24;;0;0;1;1;Стулья, скамьи, табуреты, пуфики
TDhome;;0;0;1;1;Шкафы
TULSI;;0;0;1;1;Садовая мебель
UrbanFrame;;0;0;1;1;Мебель для бизнеса
WiseBuys;;0;0;1;1;Мебельная фурнитура и комплектующие
Wood Space;;0;0;1;1;Диваны и кресла
Wood Terra Premium;;0;0;1;1;Мебельная фурнитура и комплектующие
YPSPORT;;0;0;1;1;Садовая мебель
librox;;0;0;1;1;Столы
movedesk;;0;0;1;1;Столы
АКВА;;0;0;1;1;Мебель для ванной
АП-ПОРТЕ;;0;0;1;1;Мебельная фурнитура и комплектующие
АзбукаДекор;;0;0;1;1;Стулья, скамьи, табуреты, пуфики
ВМ-мебель.РФ;;0;0;1;1;Комплекты мебели
Видовито - OOO «RNV»;;0;0;1;1;Полки и стеллажи
Гарден Арт;;0;0;1;1;Садовая мебель
Детитекс;;0;0;1;1;Стулья, скамьи, табуреты, пуфики
Домавито;;0;0;1;1;Мебельная фурнитура и комплектующие
ИП Русских А.В.;;0;0;1;1;Мебель для бизнеса
ИП Тимофеева О. В.;;0;0;1;1;Мебель для бизнеса
ИП ЧИРИКОВА Д С;;0;0;1;1;Стулья, скамьи, табуреты, пуфики
Инталика;;0;0;1;1;Мебельная фурнитура и комплектующие
Кипрей;;0;0;1;1;Стулья, скамьи, табуреты, пуфики
Компания-производитель Etcona;;0;0;1;1;Стулья, скамьи, табуреты, пуфики
Красивый дом;;0;0;1;1;Мебель для кухни
ЛИДЕР;;0;0;1;1;Столы
МЕБЕЛЬНАЯ ФАБРИКА ЮДИНЫХ;;0;0;1;1;Столы
Магазин «наДАЧу78»;;0;0;1;1;Садовая мебель
Малая медведица — фабрика мебели;;0;0;1;1;Столы
Меббери;;0;0;1;1;Диваны и кресла
Мебель для Магазинов;;0;0;1;1;Шкафы
Мебель для ПВЗ;;0;0;1;1;Мебель для бизнеса
Мебель для рукоделия Комфорт;;0;0;1;1;Мебель для бизнеса
МебельДилер;;0;0;1;1;Кровати
МебельКант;;0;0;1;1;Столы
Мебельная компания Е1;;0;0;1;1;Шкафы
Много Мебели;;0;0;1;1;Диваны и кресла
Монофикс;;0;0;1;1;Диваны и кресла
Музторг;;0;0;1;1;Стулья, скамьи, табуреты, пуфики
НТ-проект;;0;0;1;1;Столы
Нарус;;0;0;1;1;Шкафы
Пермторгкомплект;;0;0;1;1;Столы
Петров Андрей Светославович;;0;0;1;1;Мебель для бизнеса
Растущий Друг Кузя;;0;0;1;1;Стулья, скамьи, табуреты, пуфики
Реклайнер;;0;0;1;1;Диваны и кресла
Русский Дом;;0;0;1;1;Столы
СИВЕР;;0;0;1;1;Шкафы
СТУЛЛИ;;0;0;1;1;Комоды и тумбы
Сейф 2000;;0;0;1;1;Полки и стеллажи
Сердце дома;;0;0;1;1;Диваны и кресла
Сканд Мебель;;0;0;1;1;Кровати
Ставилон ПРО;;0;0;1;1;Мебель для бизнеса
ТЕКСТУРА;;0;0;1;1;Столы
Теплмяг;;0;0;1;1;Столы
ТехноГрани;;0;0;1;1;Садовая мебель
Титан-ГС;;0;0;1;1;Мебельная фурнитура и комплектующие
Торвис;;0;0;1;1;Стулья, скамьи, табуреты, пуфики
Удобные Диваны;;0;0;1;1;Диваны и кресла
Фабрика NEWKIDS;;0;0;1;1;Кровати
Фабрика Фантазер;;0;0;1;1;Комплекты мебели
Фестиваль Вкуса;;0;0;1;1;Садовая мебель
Хоббика;;0;0;1;1;Садовая мебель
Чудопоставки;;0;0;1;1;Садовая мебель
ЮнитиШоп;;0;0;1;1;Садовая мебель
компания «Мебель 24»;;0;0;1;1;Комплекты мебели
